"datetime","date","account_type","category","type","asset_class","name","symbol","shares","price","amount","fee","tax","currency","original_amount","original_currency","fx_rate","description","transaction_id","counterparty_name","counterparty_iban","payment_reference","mcc_code"
"","2026-08-01","DEFAULT","CASH","TRANSFER_INSTANT_INBOUND","","","","","","10.000000","","","EUR","","","","Incoming transfer from a counterparty with a long name 1","e2e-many-1","","","",""
"","2026-08-02","DEFAULT","CASH","TRANSFER_INSTANT_INBOUND","","","","","","20.000000","","","EUR","","","","Incoming transfer from a counterparty with a long name 2","e2e-many-2","","","",""
"","2026-08-03","DEFAULT","CASH","TRANSFER_INSTANT_INBOUND","","","","","","30.000000","","","EUR","","","","Incoming transfer from a counterparty with a long name 3","e2e-many-3","","","",""
"","2026-08-04","DEFAULT","CASH","TRANSFER_INSTANT_INBOUND","","","","","","40.000000","","","EUR","","","","Incoming transfer from a counterparty with a long name 4","e2e-many-4","","","",""
"","2026-08-05","DEFAULT","CASH","TRANSFER_INSTANT_INBOUND","","","","","","50.000000","","","EUR","","","","Incoming transfer from a counterparty with a long name 5","e2e-many-5","","","",""
"","2026-08-06","DEFAULT","CASH","TRANSFER_INSTANT_INBOUND","","","","","","60.000000","","","EUR","","","","Incoming transfer from a counterparty with a long name 6","e2e-many-6","","","",""
"","2026-08-07","DEFAULT","CASH","TRANSFER_INSTANT_INBOUND","","","","","","70.000000","","","EUR","","","","Incoming transfer from a counterparty with a long name 7","e2e-many-7","","","",""
"","2026-08-08","DEFAULT","CASH","TRANSFER_INSTANT_INBOUND","","","","","","80.000000","","","EUR","","","","Incoming transfer from a counterparty with a long name 8","e2e-many-8","","","",""
"","2026-08-09","DEFAULT","CASH","TRANSFER_INSTANT_INBOUND","","","","","","90.000000","","","EUR","","","","Incoming transfer from a counterparty with a long name 9","e2e-many-9","","","",""
"","2026-08-10","DEFAULT","CASH","TRANSFER_INSTANT_INBOUND","","","","","","100.000000","","","EUR","","","","Incoming transfer from a counterparty with a long name 10","e2e-many-10","","","",""
